Province,District,Local Level Name,Total family number,Total household number,Total population,Total Male,Total Female
Koshi,Taplejung,Aathrai Tribeni Rural Municipality,2869,2735,12288,6005,6283
Koshi,Taplejung,Maiwakhola Rural Municipality,2275,2178,10365,5264,5101
Koshi,Taplejung,Meringden Rural Municipality,2683,2528,12040,6181,5859
Koshi,Taplejung,Mikwakhola Rural Municipality,1862,1792,7991,4000,3991
Koshi,Taplejung,Phaktanglung Rural Municipality,2864,2700,11925,6239,5686
Koshi,Taplejung,Phungling Municipality,7306,5888,28786,14160,14626
Koshi,Taplejung,Sidingba Rural Municipality,2604,2484,10981,5593,5388
Koshi,Taplejung,Sirijangha Rural Municipality,3329,3197,14186,7227,6959
Koshi,Taplejung,Pathivara Yangwarak Rural Municipality,2738,2637,11797,5855,5942
Koshi,Panchthar,Falelung Rural Municipality,4940,4773,20531,10211,10320
Koshi,Panchthar,Falgunanda Rural Municipality,5293,4968,21253,10417,10836
Koshi,Panchthar,Hilihang Rural Municipality,4878,4647,20537,10160,10377
Koshi,Panchthar,Kummayak Rural Municipality,3199,3012,13020,6532,6488
Koshi,Panchthar,Miklajung Rural Municipality,5509,5163,21328,10535,10793
Koshi,Panchthar,Phidim Municipality,12433,10442,48713,23963,24750
Koshi,Panchthar,Tumbewa Rural Municipality,2752,2636,11063,5644,5419
Koshi,Panchthar,Yangwarak Rural Municipality,3964,3765,16828,8509,8319
Koshi,Ilam,Chulachuli Rural Municipality,5624,5533,22856,11215,11641
Koshi,Ilam,Deumai Municipality,7907,7535,31531,15807,15724
Koshi,Ilam,Fakphokthum Rural Municipality,4923,4748,20004,9800,10204
Koshi,Ilam,Illam Municipality,13395,11943,50455,24781,25674
Koshi,Ilam,Maijogmai Rural Municipality,4957,4881,19295,9686,9609
Koshi,Ilam,Mai Municipality,7966,7844,30988,15126,15862
Koshi,Ilam,Mangsebung Rural Municipality,3891,3793,16897,8602,8295
Koshi,Ilam,Rong Rural Municipality,4715,4650,17555,8739,8816
Koshi,Ilam,Sandakpur Rural Municipality,4031,3937,15460,7840,7620
Koshi,Ilam,Suryodaya Municipality,14149,13463,55457,27922,27535
Koshi,Jhapa,Arjundhara Municipality,20978,18995,84429,40591,43838
Koshi,Jhapa,Barhadashi Rural Municipality,9053,8665,37916,17952,19964
Koshi,Jhapa,Bhadrapur Municipality,17385,16032,70823,33988,36835
Koshi,Jhapa,Birtamod Municipality,29861,23039,117355,57136,60219
Koshi,Jhapa,Buddhashanti Rural Municipality,13276,12518,52911,25276,27635
Koshi,Jhapa,Damak Municipality,27725,22000,107410,51118,56292
Koshi,Jhapa,Gauradhaha Municipality,14845,14137,60598,28782,31816
Koshi,Jhapa,Gauriganj Rural Municipality,8712,8069,36058,17089,18969
Koshi,Jhapa,Haldibari Rural Municipality,7894,7621,33054,15831,17223
Koshi,Jhapa,Jhapa Rural Municipality,8554,8003,39372,19131,20241
Koshi,Jhapa,Kachankawal Rural Municipality,10200,9260,42386,20024,22362
Koshi,Jhapa,Kamal Rural Municipality,13356,12335,53710,25739,27971
Koshi,Jhapa,Kankai Municipality,13553,12419,53088,25557,27531
Koshi,Jhapa,Mechinagar Municipality,32710,29865,131520,64410,67110
Koshi,Jhapa,Shivasataxi Municipality,18036,17031,73460,34872,38588
Koshi,Morang,Belbari Municipality,20662,18945,81837,38460,43377
Koshi,Morang,Biratnagar Metropolitian City,57383,45204,244750,122769,121981
Koshi,Morang,Budhiganga Rural Municipality,12455,10768,51640,25472,26168
Koshi,Morang,Dhanpalthan Rural Municipality,9935,8528,45204,22136,23068
Koshi,Morang,Gramthan Rural Municipality,9483,8660,36500,17889,18611
Koshi,Morang,Jahada Rural Municipality,9868,8489,47836,24262,23574
Koshi,Morang,Kanepokhari Rural Municipality,10760,10271,43177,20441,22736
Koshi,Morang,Katahari Rural Municipality,10522,9370,48633,24414,24219
Koshi,Morang,Kerabari Rural Municipality,8809,8184,34725,16768,17957
Koshi,Morang,Letang Municipality,9304,8758,38675,18473,20202
Koshi,Morang,Miklajung Rural Municipality,8390,7969,33315,16074,17241
Koshi,Morang,Patahrishanishchare Municipality,18191,16621,72689,34263,38426
Koshi,Morang,Rangeli Municipality,13339,11903,57814,28238,29576
Koshi,Morang,Ratuwamai Municipality,14624,13768,61355,29091,32264
Koshi,Morang,Sundarharaicha Municipality,30219,26677,121305,57858,63447
Koshi,Morang,Sunwarshi Municipality,12889,11401,56169,27092,29077
Koshi,Morang,Uralabari Municipality,17818,15899,71562,33827,37735
Koshi,Sunsari,Barahchhetra Municipality,21961,20781,91891,43178,48713
Koshi,Sunsari,Barju Rural Municipality,8034,6867,36533,18571,17962
Koshi,Sunsari,Bhokraha Narsing Rural Municipality,9299,8155,49371,24501,24870
Koshi,Sunsari,Dewanganj Rural Municipality,7814,6526,39367,19710,19657
Koshi,Sunsari,Dharan Sub-Metropolitian City,43815,34834,173096,82683,90413
Koshi,Sunsari,Duhabi Municipality,15415,12410,67051,33448,33603
Koshi,Sunsari,Gadhi Rural Municipality,8751,7664,39478,19426,20052
Koshi,Sunsari,Harinagar Rural Municipality,8765,7630,49501,24459,25042
Koshi,Sunsari,Inaruwa Municipality,16931,15044,75920,37273,38647
Koshi,Sunsari,Itahari Sub-Metropolitian City,50743,40207,198098,94308,103790
Koshi,Sunsari,Koshi Rural Municipality,9377,7634,48768,24550,24218
Koshi,Sunsari,Ramdhuni Municipality,15969,14025,63378,29980,33398
Koshi,Dhankuta,Chaubise Rural Municipality,4493,4233,17914,8764,9150
Koshi,Dhankuta,Chhathar Jorpati Rural Municipality,4143,3932,16477,7976,8501
Koshi,Dhankuta,Dhankuta Municipality,9803,8087,36156,17387,18769
Koshi,Dhankuta,Shahidbhumi Rural Municipality,4109,4079,17784,8807,8977
Koshi,Dhankuta,Mahalaxmi Municipality,5434,5251,22196,10862,11334
Koshi,Dhankuta,Pakhribas Municipality,4881,4644,19256,9247,10009
Koshi,Dhankuta,Sangurigadhi Rural Municipality,5025,4860,19601,9626,9975
Koshi,Terhathum,Aathrai Rural Municipality,4427,4223,18210,8996,9214
Koshi,Terhathum,Chhathar Rural Municipality,3509,3390,14245,6960,7285
Koshi,Terhathum,Laligurans Municipality,3773,3439,15418,7482,7936
Koshi,Terhathum,Menchayam Rural Municipality,1708,1620,6698,3272,3426
Koshi,Terhathum,Myanglung Municipality,4934,4163,19078,9347,9731
Koshi,Terhathum,Phedap Rural Municipality,3671,3517,15236,7506,7730
Koshi,Sankhuwasabha,Bhotkhola Rural Municipality,1717,1677,6509,3256,3253
Koshi,Sankhuwasabha,Chainpur Municipality,6690,6201,27078,13210,13868
Koshi,Sankhuwasabha,Chichila Rural Municipality,1672,1583,6720,3351,3369
Koshi,Sankhuwasabha,Dharmadevi Municipality,4071,3906,16300,7890,8410
Koshi,Sankhuwasabha,Khandbari Municipality,9333,8151,36102,17967,18135
Koshi,Sankhuwasabha,Madi Municipality,3288,3169,13428,6584,6844
Koshi,Sankhuwasabha,Makalu Rural Municipality,3485,3309,13492,6920,6572
Koshi,Sankhuwasabha,Panchakhapan Municipality,4010,3897,16391,8060,8331
Koshi,Sankhuwasabha,Sabhapokhari Rural Municipality,2533,2362,10005,5012,4993
Koshi,Sankhuwasabha,Silichong Rural Municipality,2501,2427,10432,5223,5209
Koshi,Bhojpur,Aamchowk Rural Municipality,3566,3472,15237,7517,7720
Koshi,Bhojpur,Arun Rural Municipality,3582,3487,14853,7247,7606
Koshi,Bhojpur,Bhojpur Municipality,6775,6078,26126,12676,13450
Koshi,Bhojpur,Hatuwagadhi Rural Municipality,4040,3987,16302,8030,8272
Koshi,Bhojpur,Pauwadungma Rural Municipality,2933,2866,12170,5851,6319
Koshi,Bhojpur,Ramprasad Rai Rural Municipality,3700,3627,15632,7741,7891
Koshi,Bhojpur,Salpasilichho Rural Municipality,3019,2972,12229,6008,6221
Koshi,Bhojpur,Shadananda Municipality,7450,7139,29777,14681,15096
Koshi,Bhojpur,Temkemaiyung Rural Municipality,3855,3773,15491,7611,7880
Koshi,Solukhumbu,Thulung Dudhkoshi Rural Municipality,4672,4568,18459,9225,9234
Koshi,Solukhumbu,Maapya Dudhkoshi Rural Municipality,3142,3102,12746,6422,6324
Koshi,Solukhumbu,Khumbupasanglahmu Rural Municipality,2611,2341,9226,4737,4489
Koshi,Solukhumbu,Likhupike Rural Municipality,1255,1255,5264,2588,2676
Koshi,Solukhumbu,Mahakulung Rural Municipality,2909,2885,11971,5921,6050
Koshi,Solukhumbu,Nechasalyan Rural Municipality,2662,2631,10828,5325,5503
Koshi,Solukhumbu,Solududhakunda Municipality,6830,6335,27013,13700,13313
Koshi,Solukhumbu,Sotang Rural Municipality,2321,2271,9261,4711,4550
Koshi,Okhaldhunga,Champadevi Rural Municipality,4040,3977,16528,8146,8382
Koshi,Okhaldhunga,Chisankhugadhi Rural Municipality,3346,3321,13761,6711,7050
Koshi,Okhaldhunga,Khijidemba Rural Municipality,3496,3461,15867,7926,7941
Koshi,Okhaldhunga,Likhu Rural Municipality,3189,3125,11930,5912,6018
Koshi,Okhaldhunga,Manebhanjyang Rural Municipality,4855,4795,19883,9626,10257
Koshi,Okhaldhunga,Molung Rural Municipality,4173,4116,16944,8464,8480
Koshi,Okhaldhunga,Siddhicharan Municipality,7173,6957,27977,13554,14423
Koshi,Okhaldhunga,Sunkoshi Rural Municipality,4417,4359,18024,8983,9041
Koshi,Khotang,Ainselukhark Rural Municipality,3506,3421,13581,6713,6868
Koshi,Khotang,Barahapokhari Rural Municipality,2591,2540,11461,5713,5748
Koshi,Khotang,Diprung Chuichumma Rural Municipality,3848,3780,16549,8139,8410
Koshi,Khotang,Halesi Tuwachung Municipality,6149,5948,27274,13434,13840
Koshi,Khotang,Jantedhunga Rural Municipality,2765,2713,12066,5934,6132
Koshi,Khotang,Kepilasagadhi Rural Municipality,3346,3237,13339,6583,6756
Koshi,Khotang,Khotehang Rural Municipality,4149,4056,16952,8417,8535
Koshi,Khotang,Rawa Besi Rural Municipality,2724,2646,11218,5424,5794
Koshi,Khotang,Diktel Rupakot Majhuwagadhi Municipality,10719,9775,43295,21345,21950
Koshi,Khotang,Sakela Rural Municipality,2307,2276,9605,4819,4786
Koshi,Udayapur,Belaka Municipality,12170,11633,51458,24631,26827
Koshi,Udayapur,Chaudandigadhi Municipality,12857,12162,53537,25389,28148
Koshi,Udayapur,Katari Municipality,14296,12843,60168,29250,30918
Koshi,Udayapur,Rautamai Rural Municipality,4586,4434,20418,10017,10401
Koshi,Udayapur,Limchungbung Rural Municipality,2257,2229,9789,4837,4952
Koshi,Udayapur,Tapli Rural Municipality,2884,2843,13377,6648,6729
Koshi,Udayapur,Triyuga Municipality,25928,23138,104375,49514,54861
Koshi,Udayapur,Udayapurgadhi Rural Municipality,6810,6650,28929,14093,14836
Madesh,Saptari,Agnisair Krishna Savaran Rural Municipality,6726,6092,32047,15735,16312
Madesh,Saptari,Balan Bihul Rural Municipality,5004,3770,24059,12169,11890
Madesh,Saptari,Rajgadh Rural Municipality,6942,5687,32975,16564,16411
Madesh,Saptari,Bishnupur Rural Municipality,5780,5007,28072,14230,13842
Madesh,Saptari,Bode Barsain Municipality,9854,7988,46343,23092,23251
Madesh,Saptari,Chhinnamasta Rural Municipality,6373,4747,30664,15416,15248
Madesh,Saptari,Dakneshwori Municipality,10094,7954,48314,24055,24259
Madesh,Saptari,Hanumannagar Kankalini Municipality,11130,8680,51926,26330,25596
Madesh,Saptari,Kanchanrup Municipality,12662,10277,58882,28949,29933
Madesh,Saptari,Khadak Municipality,11355,9432,54193,26139,28054
Madesh,Saptari,Mahadeva Rural Municipality,6522,5322,31048,15737,15311
Madesh,Saptari,Rajbiraj Municipality,15121,13062,71946,36942,35004
Madesh,Saptari,Rupani Rural Municipality,6963,5801,30064,14806,15258
Madesh,Saptari,Saptakoshi Rural Municipality,5305,4624,23891,11632,12259
Madesh,Saptari,Shambhunath Municipality,8824,7388,39423,18943,20480
Madesh,Saptari,Surunga Municipality,10611,8979,49668,23899,25769
Madesh,Saptari,Tilathi Koiladi Rural Municipality,6874,5366,34257,17459,16798
Madesh,Saptari,Tirahut Rural Municipality,5151,4148,23987,12086,11901
Madesh,Siraha,Arnama Rural Municipality,5208,4231,28137,13741,14396
Madesh,Siraha,Aurahi Rural Municipality,5891,4092,27194,13669,13525
Madesh,Siraha,Bariyarpatti Rural Municipality,5965,4475,29859,14876,14983
Madesh,Siraha,Bhagawanpur Rural Municipality,4650,3553,23324,11544,11780
Madesh,Siraha,Bishnupur Rural Municipality,4870,3821,22796,11303,11493
Madesh,Siraha,Dhangadhimai Municipality,11133,9657,54244,26617,27627
Madesh,Siraha,Golbazar Municipality,13214,10853,65263,32258,33005
Madesh,Siraha,Kalyanpur Municipality,12491,9869,59986,28789,31197
Madesh,Siraha,Karjanha Municipality,8440,6696,38940,18965,19975
Madesh,Siraha,Lahan Municipality,21488,17832,102955,51063,51892
Madesh,Siraha,Laxmipur Patari Rural Municipality,6666,5235,31103,14912,16191
Madesh,Siraha,Mirchaiya Municipality,12905,10496,60086,30054,30032
Madesh,Siraha,Naraha Rural Municipality,4419,3787,23656,12319,11337
Madesh,Siraha,Nawarajpur Rural Municipality,4268,3214,20832,10214,10618
Madesh,Siraha,Sakhuwanankarkatti Rural Municipality,4263,3223,20951,10230,10721
Madesh,Siraha,Siraha Municipality,19810,15310,96543,47306,49237
Madesh,Siraha,Sukhipur Municipality,8912,7192,42547,21189,21358
Madesh,Dhanusa,Aaurahi Rural Municipality,4846,4036,24338,11773,12565
Madesh,Dhanusa,Bateshwor Rural Municipality,4766,3903,21473,10670,10803
Madesh,Dhanusa,Bideha Municipality,7764,6156,37881,18446,19435
Madesh,Dhanusa,Chhireshwornath Municipality,10826,8913,53031,26708,26323
Madesh,Dhanusa,Dhanauji Rural Municipality,4683,3704,21960,10481,11479
Madesh,Dhanusa,Dhanusadham Municipality,10959,9216,53035,26337,26698
Madesh,Dhanusa,Ganeshman Charnath Municipality,9400,8139,44900,21982,22918
Madesh,Dhanusa,Hansapur Municipality,8958,7336,44929,21997,22932
Madesh,Dhanusa,Janaknandani Rural Municipality,5627,4480,28267,13556,14711
Madesh,Dhanusa,Janakpurdham Sub-Metropolitian City,41941,32612,195438,100417,95021
Madesh,Dhanusa,Kamala Municipality,9160,7332,45477,22103,23374
Madesh,Dhanusa,Lakshminiya Rural Municipality,6609,5409,33212,16161,17051
Madesh,Dhanusa,Mithila Bihari Municipality,7651,6094,38008,18830,19178
Madesh,Dhanusa,Mithila Municipality,10522,9159,47408,23715,23693
Madesh,Dhanusa,Mukhiyapatti Musarmiya Rural Municipality,5585,4467,29351,14937,14414
Madesh,Dhanusa,Nagarain Municipality,7962,6426,37949,18682,19267
Madesh,Dhanusa,Sabaila Municipality,12279,10144,62510,30630,31880
Madesh,Dhanusa,Sahidnagar Municipality,11288,8944,53546,26387,27159
Madesh,Mahottari,Aurahi Municipality,7841,6376,40834,20496,20338
Madesh,Mahottari,Balwa Municipality,10052,8139,50031,24606,25425
Madesh,Mahottari,Bardibas Municipality,15938,13635,68353,34179,34174
Madesh,Mahottari,Bhangaha Municipality,11336,9017,56570,27508,29062
Madesh,Mahottari,Ekdanra Rural Municipality,6000,4735,32060,16099,15961
Madesh,Mahottari,Gaushala Municipality,16090,13367,73008,36367,36641
Madesh,Mahottari,Jaleswor Municipality,13685,10607,63501,31620,31881
Madesh,Mahottari,Loharpatti Municipality,9627,7658,46336,22359,23977
Madesh,Mahottari,Mahottari Rural Municipality,6845,5430,32652,16211,16441
Madesh,Mahottari,Manra Siswa Municipality,9343,7691,49126,24418,24708
Madesh,Mahottari,Matihani Municipality,7356,5748,36063,17620,18443
Madesh,Mahottari,Pipra Rural Municipality,8514,6459,39500,19764,19736
Madesh,Mahottari,Ramgopalpur Municipality,6921,5630,36594,18240,18354
Madesh,Mahottari,Samsi Rural Municipality,7100,5478,38676,18818,19858
Madesh,Mahottari,Sonama Rural Municipality,9252,7524,51736,26647,25089
Madesh,Sarlahi,Bagmati Municipality,10785,9960,45459,22454,23005
Madesh,Sarlahi,Balara Municipality,9118,6760,47602,24635,22967
Madesh,Sarlahi,Barahathawa Municipality,16257,13540,83257,42271,40986
Madesh,Sarlahi,Basbariya Rural Municipality,4675,3908,26406,13495,12911
Madesh,Sarlahi,Bishnu Rural Municipality,4784,3587,25870,13350,12520
Madesh,Sarlahi,Bramhapuri Rural Municipality,5383,4048,27878,13831,14047
Madesh,Sarlahi,Chakraghatta Rural Municipality,5041,4150,29166,15057,14109
Madesh,Sarlahi,Chandranagar Rural Municipality,6808,5320,37517,19111,18406
Madesh,Sarlahi,Dhankaul Rural Municipality,5121,4077,28500,14688,13812
Madesh,Sarlahi,Godaita Municipality,9510,7919,54346,27841,26505
Madesh,Sarlahi,Haripur Municipality,8445,7041,43609,21546,22063
Madesh,Sarlahi,Haripurwa Municipality,6854,5210,36523,18469,18054
Madesh,Sarlahi,Hariwan Municipality,11120,9984,51333,25283,26050
Madesh,Sarlahi,Ishworpur Municipality,13776,11907,68626,34124,34502
Madesh,Sarlahi,Kabilasi Municipality,8150,6702,44688,22487,22201
Madesh,Sarlahi,Kaudena Rural Municipality,5805,4478,29226,14638,14588
Madesh,Sarlahi,Lalbandi Municipality,15960,13905,67507,33555,33952
Madesh,Sarlahi,Malangawa Municipality,10305,7918,53204,27167,26037
Madesh,Sarlahi,Parsa Rural Municipality,4656,3625,24039,12262,11777
Madesh,Sarlahi,Ramnagar Rural Municipality,5853,4373,31687,16335,15352
Madesh,Rautahat,Baudhimai Municipality,6091,4899,39348,20260,19088
Madesh,Rautahat,Brindaban Municipality,8237,6751,50144,24994,25150
Madesh,Rautahat,Chandrapur Municipality,17237,15034,83350,41245,42105
Madesh,Rautahat,Dewahhi Gonahi Municipality,6340,4990,38808,19561,19247
Madesh,Rautahat,Durga Bhagwati Rural Municipality,4136,3369,23226,11809,11417
Madesh,Rautahat,Gadhimai Municipality,7850,6306,49642,25191,24451
Madesh,Rautahat,Garuda Municipality,9765,7796,60009,30685,29324
Madesh,Rautahat,Gaur Municipality,7743,6062,40368,20655,19713
Madesh,Rautahat,Gujara Municipality,9682,7989,54089,26391,27698
Madesh,Rautahat,Ishanath Municipality,8084,6289,53402,26821,26581
Madesh,Rautahat,Katahariya Municipality,7789,5933,47455,24148,23307
Madesh,Rautahat,Madhav Narayan Municipality,7081,5575,40974,20953,20021
Madesh,Rautahat,Maulapur Municipality,5428,4164,32468,16702,15766
Madesh,Rautahat,Paroha Municipality,7214,5656,46749,23068,23681
Madesh,Rautahat,Phatuwa Bijayapur Municipality,7777,6323,44358,21882,22476
Madesh,Rautahat,Rajdevi Municipality,5919,4600,33836,16923,16913
Madesh,Rautahat,Rajpur Municipality,8254,6205,54372,26939,27433
Madesh,Rautahat,Yemunamai Rural Municipality,4728,3622,28607,14042,14565
Madesh,Bara,Adarshkotwal Rural Municipality,5196,4217,29586,15141,14445
Madesh,Bara,Baragadhi Rural Municipality,5118,4071,29836,15164,14672
Madesh,Bara,Bishrampur Rural Municipality,4310,3678,23891,12535,11356
Madesh,Bara,Devtal Rural Municipality,3936,3143,25082,13388,11694
Madesh,Bara,Jitpur Simara Sub-Metropolitian City,23677,19848,119148,60461,58687
Madesh,Bara,Kalaiya Sub-Metropolitian City,23760,19810,141179,72540,68639
Madesh,Bara,Karaiyamai Rural Municipality,5154,4026,29045,14583,14462
Madesh,Bara,Kolhabi Municipality,11495,9728,46200,22362,23838
Madesh,Bara,Mahagadhimai Municipality,9952,8020,59744,30717,29027
Madesh,Bara,Nijgadh Municipality,8455,7931,36591,18006,18585
Madesh,Bara,Pacharauta Municipality,6402,5128,40252,20468,19784
Madesh,Bara,Parwanipur Rural Municipality,3664,2975,22466,11767,10699
Madesh,Bara,Pheta Rural Municipality,5195,4414,28922,14888,14034
Madesh,Bara,Prasauni Rural Municipality,3400,2924,21747,11146,10601
Madesh,Bara,Simraungadh Municipality,9064,7645,53103,27378,25725
Madesh,Bara,Suwarna Rural Municipality,5584,4743,35875,18528,17347
Madesh,Parsa,Bahudaramai Municipality,7058,5721,43780,22801,20979
Madesh,Parsa,Bindabasini Rural Municipality,3832,3210,24466,12637,11829
Madesh,Parsa,Birgunj Metropolitian City,47218,36697,268273,139849,128424
Madesh,Parsa,Chhipaharmai Rural Municipality,4316,3698,26742,13732,13010
Madesh,Parsa,Dhobini Rural Municipality,3585,3063,22846,11803,11043
Madesh,Parsa,Jagarnathpur Rural Municipality,5846,4960,32737,16537,16200
Madesh,Parsa,Jirabhawani Rural Municipality,5287,4280,22602,11200,11402
Madesh,Parsa,Kalikamai Rural Municipality,3788,3099,23740,12232,11508
Madesh,Parsa,Pakahamainpur Rural Municipality,3825,3406,22957,12073,10884
Madesh,Parsa,Parsagadhi Municipality,8002,6653,41477,21023,20454
Madesh,Parsa,Paterwasugauli Rural Municipality,4850,3851,25508,12866,12642
Madesh,Parsa,Pokhariya Municipality,6614,5504,38985,20285,18700
Madesh,Parsa,SakhuwaPrasauni Rural Municipality,6382,5244,35712,17890,17822
Madesh,Parsa,Thori Rural Municipality,4546,4333,17494,8346,9148
Bagmati,Sindhuli,Dudhouli Municipality,16231,14869,70679,34227,36452
Bagmati,Sindhuli,Ghanglekh Rural Municipality,2875,2801,12701,6214,6487
Bagmati,Sindhuli,Golanjor Rural Municipality,4537,4340,19012,9296,9716
Bagmati,Sindhuli,Hariharpurgadhi Rural Municipality,5298,5199,26829,13132,13697
Bagmati,Sindhuli,Kamalamai Municipality,18238,15913,71811,34922,36889
Bagmati,Sindhuli,Marin Rural Municipality,6089,5843,28988,14277,14711
Bagmati,Sindhuli,Phikkal Rural Municipality,3091,3039,14359,7058,7301
Bagmati,Sindhuli,Sunkoshi Rural Municipality,5075,4920,18136,8772,9364
Bagmati,Sindhuli,Tinpatan Rural Municipality,7939,7669,35145,17429,17716
Bagmati,Ramechhap,Doramba Rural Municipality,5036,4928,17529,8129,9400
Bagmati,Ramechhap,Gokulganga Rural Municipality,4897,4773,18363,8826,9537
Bagmati,Ramechhap,Khadadevi Rural Municipality,5507,5392,19381,9174,10207
Bagmati,Ramechhap,Likhu Tamakoshi Rural Municipality,5310,5149,18675,8702,9973
Bagmati,Ramechhap,Manthali Municipality,11105,10212,40230,18967,21263
Bagmati,Ramechhap,Ramechhap Municipality,6663,6456,25117,11829,13288
Bagmati,Ramechhap,Sunapati Rural Municipality,4201,4100,14616,6932,7684
Bagmati,Ramechhap,Umakunda Rural Municipality,4216,4063,16709,8219,8490
Bagmati,Dolakha,Baiteshwor Rural Municipality,5412,5212,17947,8613,9334
Bagmati,Dolakha,Bhimeshwor Municipality,10265,9049,35122,16895,18227
Bagmati,Dolakha,Bigu Rural Municipality,5055,4805,16299,7853,8446
Bagmati,Dolakha,Gaurishankar Rural Municipality,4667,4612,15982,7889,8093
Bagmati,Dolakha,Jiri Municipality,4102,3959,15500,7530,7970
Bagmati,Dolakha,Kalinchok Rural Municipality,6268,6046,21210,10354,10856
Bagmati,Dolakha,Melung Rural Municipality,4877,4759,16051,7571,8480
Bagmati,Dolakha,Sailung Rural Municipality,5248,5088,18328,9048,9280
Bagmati,Dolakha,Tamakoshi Rural Municipality,4759,4317,15237,7369,7868
Bagmati,Sindhupalchok,Barhabise Municipality,6994,6677,24158,11980,12178
Bagmati,Sindhupalchok,Balefi Rural Municipality,4730,4467,16465,8062,8403
Bagmati,Sindhupalchok,Bhotekoshi Rural Municipality,3769,3622,14239,7259,6980
Bagmati,Sindhupalchok,Chautara SangachokGadhi Municipality,11936,11111,42962,20356,22606
Bagmati,Sindhupalchok,Helambu Rural Municipality,4755,4589,17723,8907,8816
Bagmati,Sindhupalchok,Indrawati Rural Municipality,6812,6584,25518,12114,13404
Bagmati,Sindhupalchok,Jugal Rural Municipality,4698,4549,19148,9657,9491
Bagmati,Sindhupalchok,Lisangkhu Pakhar Rural Municipality,3746,3605,11560,5713,5847
Bagmati,Sindhupalchok,Melamchi Municipality,11349,10811,41170,20073,21097
Bagmati,Sindhupalchok,Panchpokhari Thangpal Rural Municipality,5917,5634,20978,10596,10382
Bagmati,Sindhupalchok,Sunkoshi Rural Municipality,4597,4509,15307,7376,7931
Bagmati,Sindhupalchok,Tripurasundari Rural Municipality,3653,3551,12194,5972,6222
Bagmati,Kavrepalanchok,Banepa Municipality,16973,12545,67629,33180,34449
Bagmati,Kavrepalanchok,Bethanchowk Rural Municipality,3900,3730,14996,7229,7767
Bagmati,Kavrepalanchok,Bhumlu Rural Municipality,4524,4407,15858,7607,8251
Bagmati,Kavrepalanchok,Chaurideurali Rural Municipality,4181,4084,14106,6668,7438
Bagmati,Kavrepalanchok,Dhulikhel Municipality,8808,7309,36183,18501,17682
Bagmati,Kavrepalanchok,Khanikhola Rural Municipality,2484,2455,12375,6131,6244
Bagmati,Kavrepalanchok,Mahabharat Rural Municipality,3327,3297,16148,7933,8215
Bagmati,Kavrepalanchok,Mandandeupur Municipality,8220,7861,31261,15335,15926
Bagmati,Kavrepalanchok,Namobuddha Municipality,7406,6988,26280,12579,13701
Bagmati,Kavrepalanchok,Panauti Municipality,12986,11555,52078,25457,26621
Bagmati,Kavrepalanchok,Panchkhal Municipality,9295,8783,35992,17471,18521
Bagmati,Kavrepalanchok,Roshi Rural Municipality,6148,6039,23551,11458,12093
Bagmati,Kavrepalanchok,Temal Rural Municipality,4930,4872,16959,8197,8762
Bagmati,Lalitpur,Bagmati Rural Municipality,2800,2735,11196,5637,5559
Bagmati,Lalitpur,Godawari Municipality,24771,20966,100972,49707,51265
Bagmati,Lalitpur,Konjyosom Rural Municipality,2176,2148,9042,4499,4543
Bagmati,Lalitpur,Lalitpur Metropolitian City,77872,49044,299843,150702,149141
Bagmati,Lalitpur,Mahalaxmi Municipality,31509,20659,118710,60388,58322
Bagmati,Lalitpur,Mahankal Rural Municipality,1878,1836,7861,3913,3948
Bagmati,Bhaktapur,Bhaktapur Municipality,18854,12200,78854,39664,39190
Bagmati,Bhaktapur,Changunarayan Municipality,21946,17373,88612,44073,44539
Bagmati,Bhaktapur,Madhyapur Thimi Municipality,31768,17639,119955,60954,59001
Bagmati,Bhaktapur,Suryabinayak Municipality,35885,23637,137971,68971,69000
Bagmati,Kathmandu,Budhanilakantha Municipality,47169,26910,179688,89284,90404
Bagmati,Kathmandu,Chandragiri Municipality,36012,22070,136928,68350,68578
Bagmati,Kathmandu,Dakshinkali Municipality,6527,5568,26744,13179,13565
Bagmati,Kathmandu,Gokarneshwor Municipality,40114,19098,151200,74453,76747
Bagmati,Kathmandu,Kageshwori Manahora Municipality,34794,21028,133327,66138,67189
Bagmati,Kathmandu,Kathmandu Metropolitian City,231714,105649,845767,431501,414266
Bagmati,Kathmandu,Kirtipur Municipality,24211,12676,81782,43378,38404
Bagmati,Kathmandu,Nagarjun Municipality,31323,17466,115507,57631,57876
Bagmati,Kathmandu,Shankharapur Municipality,7275,6479,30414,15188,15226
Bagmati,Kathmandu,Tarakeshwor Municipality,41364,21623,151508,75300,76208
Bagmati,Kathmandu,Tokha Municipality,37413,17239,135741,67396,68345
Bagmati,Nuwakot,Belkotgadhi Municipality,9464,9244,35200,17139,18061
Bagmati,Nuwakot,Bidur Municipality,15604,13911,60111,29043,31068
Bagmati,Nuwakot,Dupcheshwar Rural Municipality,5195,5023,21019,10473,10546
Bagmati,Nuwakot,Kakani Rural Municipality,6388,6012,24323,11969,12354
Bagmati,Nuwakot,Kispang Rural Municipality,3969,3853,14122,6920,7202
Bagmati,Nuwakot,Likhu Rural Municipality,4604,4374,17737,8646,9091
Bagmati,Nuwakot,Myagang Rural Municipality,3755,3595,12417,6086,6331
Bagmati,Nuwakot,Panchakanya Rural Municipality,3629,3539,13864,6771,7093
Bagmati,Nuwakot,Shivapuri Rural Municipality,4877,4795,16979,8115,8864
Bagmati,Nuwakot,Suryagadhi Rural Municipality,3842,3776,14929,7256,7673
Bagmati,Nuwakot,Tadi Rural Municipality,4031,3867,16055,7911,8144
Bagmati,Nuwakot,Tarkeshwar Rural Municipality,3792,3735,14164,6670,7494
Bagmati,Rasuwa,Gosaikunda Rural Municipality,2477,2149,8043,4071,3972
Bagmati,Rasuwa,Kalika Rural Municipality,2474,2412,10172,5011,5161
Bagmati,Rasuwa,Naukunda Rural Municipality,2899,2878,12095,6059,6036
Bagmati,Rasuwa,Amachodingmo Rural Municipality,1727,1688,6673,3486,3187
Bagmati,Rasuwa,Uttargaya Rural Municipality,2264,2235,8571,4232,4339
Bagmati,Dhading,Benighat Rorang Rural Municipality,7791,6979,34473,17542,16931
Bagmati,Dhading,Dhunibesi Municipality,7235,6777,29126,14411,14715
Bagmati,Dhading,Gajuri Rural Municipality,6909,6306,28756,14471,14285
Bagmati,Dhading,Galchi Rural Municipality,6212,5783,24206,11875,12331
Bagmati,Dhading,Gangajamuna Rural Municipality,5305,5183,19460,9494,9966
Bagmati,Dhading,Jwalamukhi Rural Municipality,6116,5972,21202,9898,11304
Bagmati,Dhading,Khaniyabash Rural Municipality,2640,2618,10680,5175,5505
Bagmati,Dhading,Netrawati Dabjong Rural Municipality,3295,3242,11271,5390,5881
Bagmati,Dhading,Nilakantha Municipality,16579,14281,58151,27136,31015
Bagmati,Dhading,Rubi Valley Rural Municipality,3005,2989,10472,5261,5211
Bagmati,Dhading,Siddhalek Rural Municipality,5883,5795,22212,10652,11560
Bagmati,Dhading,Thakre Rural Municipality,7745,7142,31554,15797,15757
Bagmati,Dhading,Tripura Sundari Rural Municipality,5748,5596,21188,10105,11083
Bagmati,Makwanpur,Bagmati Rural Municipality,6498,6195,30625,15111,15514
Bagmati,Makwanpur,Bakaiya Rural Municipality,9028,8664,40671,19947,20724
Bagmati,Makwanpur,Bhimphedi Rural Municipality,5128,4939,21626,10668,10958
Bagmati,Makwanpur,Hetauda Sub-Metropolitian City,47027,39425,195951,97324,98627
Bagmati,Makwanpur,Indrasarowar Rural Municipality,3415,3217,13758,6739,7019
Bagmati,Makwanpur,Kailash Rural Municipality,4487,4400,21992,11140,10852
Bagmati,Makwanpur,Makawanpurgadhi Rural Municipality,5342,5239,24252,12169,12083
Bagmati,Makwanpur,Manahari Rural Municipality,10762,10097,47144,22986,24158
Bagmati,Makwanpur,Raksirang Rural Municipality,5077,5043,25871,13147,12724
Bagmati,Makwanpur,Thaha Municipality,9842,8995,39163,19241,19922
Bagmati,Chitawan,Bharatpur Metropolitian City,98288,77838,369377,179744,189633
Bagmati,Chitawan,Ichchhyakamana Rural Municipality,6174,5517,26965,13599,13366
Bagmati,Chitawan,Kalika Municipality,12466,11623,52779,25740,27039
Bagmati,Chitawan,Khairahani Municipality,16757,14650,68675,33104,35571
Bagmati,Chitawan,Madi Municipality,10227,9710,38550,18257,20293
Bagmati,Chitawan,Rapti Municipality,15459,14390,66426,32609,33817
Bagmati,Chitawan,Ratnanagar Municipality,22670,19901,90978,44120,46858
Gandaki,Gorkha,Aarughat Rural Municipality,6220,5950,21876,10409,11467
Gandaki,Gorkha,Ajirkot Rural Municipality,3667,3589,13002,6389,6613
Gandaki,Gorkha,Bhimsenthapa Rural Municipality,5265,5186,17118,7819,9299
Gandaki,Gorkha,Chum Nubri Rural Municipality,2134,2036,6789,3240,3549
Gandaki,Gorkha,Dharche Rural Municipality,3790,3683,14563,7025,7538
Gandaki,Gorkha,Gandaki Rural Municipality,5688,5537,21662,10414,11248
Gandaki,Gorkha,Gorkha Municipality,15298,12641,53285,25279,28006
Gandaki,Gorkha,Palungtar Municipality,11317,10727,37274,17431,19843
Gandaki,Gorkha,Sahid Lakhan Rural Municipality,6812,6554,22429,10492,11937
Gandaki,Gorkha,Siranchok Rural Municipality,6026,5907,19829,9352,10477
Gandaki,Gorkha,Barpak Sulikot Rural Municipality,6583,6426,23222,10921,12301
Gandaki,Lamjung,Besishahar Municipality,11308,8781,38562,18525,20037
Gandaki,Lamjung,Dordi Rural Municipality,4597,4462,15639,7585,8054
Gandaki,Lamjung,Dudhpokhari Rural Municipality,2492,2470,8558,4178,4380
Gandaki,Lamjung,Kwholasothar Rural Municipality,2285,2228,8008,3827,4181
Gandaki,Lamjung,MadhyaNepal Municipality,6528,6002,21373,9767,11606
Gandaki,Lamjung,Marsyangdi Rural Municipality,4620,4455,17267,8421,8846
Gandaki,Lamjung,Rainas Municipality,5009,4872,17207,8309,8898
Gandaki,Lamjung,Sundarbazar Municipality,8034,6831,26866,12597,14269
Gandaki,Tanahu,Anbukhaireni Rural Municipality,6284,4758,22349,10791,11558
Gandaki,Tanahu,Bandipur Rural Municipality,5418,4712,19403,9251,10152
Gandaki,Tanahu,Bhanu Municipality,13064,12351,43255,19943,23312
Gandaki,Tanahu,Bhimad Municipality,8964,7965,33077,15166,17911
Gandaki,Tanahu,Byas Municipality,24078,19547,80944,37669,43275
Gandaki,Tanahu,Devghat Rural Municipality,3878,3653,14941,7115,7826
Gandaki,Tanahu,Ghiring Rural Municipality,4490,4102,15038,7013,8025
Gandaki,Tanahu,Myagde Rural Municipality,6532,5857,23385,10781,12604
Gandaki,Tanahu,Rhishing Rural Municipality,4981,4611,18821,8590,10231
Gandaki,Tanahu,Shuklagandaki Municipality,15479,14086,55749,26023,29726
Gandaki,Syangja,Aandhikhola Rural Municipality,4718,4278,14970,6916,8054
Gandaki,Syangja,Arjunchaupari Rural Municipality,3810,3549,14094,6495,7599
Gandaki,Syangja,Bhirkot Municipality,6226,5644,22617,10320,12297
Gandaki,Syangja,Biruwa Rural Municipality,3980,3775,13900,6571,7329
Gandaki,Syangja,Chapakot Municipality,6389,5726,22787,10398,12389
Gandaki,Syangja,Galyang Municipality,7971,7226,31125,14413,16712
Gandaki,Syangja,Harinas Rural Municipality,3591,3318,12979,5953,7026
Gandaki,Syangja,Kaligandagi Rural Municipality,4946,4666,18008,8242,9766
Gandaki,Syangja,Phedikhola Rural Municipality,3222,2919,10786,5035,5751
Gandaki,Syangja,Putalibazar Municipality,12152,10390,42079,19440,22639
Gandaki,Syangja,Waling Municipality,13705,11365,50932,23657,27275
Gandaki,Kaski,Annapurna Rural Municipality,6406,5811,22517,10863,11654
Gandaki,Kaski,Machhapuchchhre Rural Municipality,6144,5509,22013,10762,11251
Gandaki,Kaski,Madi Rural Municipality,4115,4014,16318,8136,8182
Gandaki,Kaski,Pokhara Metropolitian City,143137,101669,518452,250999,267453
Gandaki,Kaski,Rupa Rural Municipality,3674,3569,14741,7093,7648
Gandaki,Manang,Chame Rural Municipality,391,333,1272,728,544
Gandaki,Manang,Narpa Bhumi Rural Municipality,125,125,398,170,228
Gandaki,Manang,Narshon Rural Municipality,471,441,1671,831,840
Gandaki,Manang,Manang Ingshyang Rural Municipality,558,548,1584,818,766
Gandaki,Mustang,Waragung Muktikhsetra Rural Municipality,738,666,2611,1336,1275
Gandaki,Mustang,Lo-Ghekar Damodarkunda Rural Municipality,459,444,1535,748,787
Gandaki,Mustang,Gharapjhong Rural Municipality,1169,921,4875,2904,1971
Gandaki,Mustang,Lomanthang Rural Municipality,540,539,1997,1132,865
Gandaki,Mustang,Thasang Rural Municipality,845,698,3578,2054,1524
Gandaki,Myagdi,Annapurna Rural Municipality,3618,3340,12351,6078,6273
Gandaki,Myagdi,Beni Municipality,9465,7202,33062,15572,17490
Gandaki,Myagdi,Dhaulagiri Rural Municipality,3192,3008,12604,6158,6446
Gandaki,Myagdi,Malika Rural Municipality,4818,4336,18346,8999,9347
Gandaki,Myagdi,Mangala Rural Municipality,3934,3699,14772,7030,7742
Gandaki,Myagdi,Raghuganga Rural Municipality,4174,3767,14232,6857,7375
Gandaki,Parbat,Bihadi Rural Municipality,3192,3063,12521,5960,6561
Gandaki,Parbat,Jaljala Rural Municipality,6095,5140,21375,10259,11116
Gandaki,Parbat,Kushma Municipality,11906,9740,38774,18543,20231
Gandaki,Parbat,Mahashila Rural Municipality,2093,1964,8233,3867,4366
Gandaki,Parbat,Modi Rural Municipality,5148,4618,18018,8611,9407
Gandaki,Parbat,Painyu Rural Municipality,3292,2995,12705,6025,6680
Gandaki,Parbat,Phalebas Municipality,5875,5529,20726,9534,11192
Gandaki,Baglung,Badigad Rural Municipality,6819,6324,28797,13487,15310
Gandaki,Baglung,Baglung Municipality,16399,12924,57030,26588,30442
Gandaki,Baglung,Bareng Rural Municipality,2981,2796,11162,5070,6092
Gandaki,Baglung,Dhorpatan Municipality,7661,6535,30779,14306,16473
Gandaki,Baglung,Galkot Municipality,7912,7314,30503,14473,16030
Gandaki,Baglung,Jaimuni Municipality,6912,6555,24784,11310,13474
Gandaki,Baglung,Kanthekhola Rural Municipality,5961,5743,22732,10387,12345
Gandaki,Baglung,Nisikhola Rural Municipality,5711,5499,23215,10566,12649
Gandaki,Baglung,Taman Khola Rural Municipality,2622,2453,9795,4667,5128
Gandaki,Baglung,Tara Khola Rural Municipality,2356,2302,10167,5010,5157
Gandaki,Nawalparasi East,Binayee Tribeni Rural Municipality,9348,8651,39201,18664,20537
Gandaki,Nawalparasi East,Bulingtar Rural Municipality,3569,3305,14596,7007,7589
Gandaki,Nawalparasi East,Baudeekali Rural Municipality,2914,2676,11339,5164,6175
Gandaki,Nawalparasi East,Devchuli Municipality,14836,13127,59400,28133,31267
Gandaki,Nawalparasi East,Gaidakot Municipality,20701,17151,80737,38725,42012
Gandaki,Nawalparasi East,Hupsekot Rural Municipality,6250,5865,26861,12346,14515
Gandaki,Nawalparasi East,Kawasoti Municipality,22184,19568,87176,40890,46286
Gandaki,Nawalparasi East,Madhyabindu Municipality,15549,14345,61548,28291,33257
Lumbini,Gulmi,Chandrakot Rural Municipality,5148,4732,18751,8605,10146
Lumbini,Gulmi,Chatrakot Rural Municipality,5320,5073,19239,8601,10638
Lumbini,Gulmi,Dhurkot Rural Municipality,5405,5036,18699,8285,10414
Lumbini,Gulmi,Gulmidarbar Rural Municipality,5288,5032,19413,8490,10923
Lumbini,Gulmi,Isma Rural Municipality,5013,4777,18530,8453,10077
Lumbini,Gulmi,Kaligandaki Rural Municipality,3793,3640,15106,7085,8021
Lumbini,Gulmi,Madane Rural Municipality,5274,4961,19820,8985,10835
Lumbini,Gulmi,Malika Rural Municipality,5273,5040,20173,9263,10910
Lumbini,Gulmi,Musikot Municipality,7135,6761,28761,13371,15390
Lumbini,Gulmi,Resunga Municipality,9129,6865,31677,14696,16981
Lumbini,Gulmi,Ruru Rural Municipality,4691,4348,16638,7627,9011
Lumbini,Gulmi,Satyawati Rural Municipality,5252,4953,19751,9056,10695
Lumbini,Palpa,Bagnaskali Rural Municipality,4648,4423,16934,7683,9251
Lumbini,Palpa,Mathagadhi Rural Municipality,5840,5553,24024,11222,12802
Lumbini,Palpa,Nisdi Rural Municipality,4075,3772,17629,8137,9492
Lumbini,Palpa,Purbakhola Rural Municipality,4138,3660,16145,7147,8998
Lumbini,Palpa,Rainadevi Chhahara Rural Municipality,6390,6046,23124,10491,12633
Lumbini,Palpa,Rambha Rural Municipality,4696,4339,17077,7565,9512
Lumbini,Palpa,Rampur Municipality,10821,9111,39190,17775,21415
Lumbini,Palpa,Ribdikot Rural Municipality,4459,4236,15636,7195,8441
Lumbini,Palpa,Tansen Municipality,14865,10919,51470,23927,27543
Lumbini,Palpa,Tinau Rural Municipality,4326,4164,18291,8628,9663
Lumbini,Nawalparasi West,Bardaghat Municipality,18240,16430,75017,35180,39837
Lumbini,Nawalparasi West,Palhi Nandan Rural Municipality,7383,6165,40325,20662,19663
Lumbini,Nawalparasi West,Pratappur Rural Municipality,10753,9234,50326,25016,25310
Lumbini,Nawalparasi West,Ramgram Municipality,13081,11037,64150,31842,32308
Lumbini,Nawalparasi West,Sarawal Rural Municipality,8840,7576,42217,20691,21526
Lumbini,Nawalparasi West,Sunwal Municipality,17689,15871,72621,34316,38305
Lumbini,Nawalparasi West,Susta Rural Municipality,7892,6946,39798,19365,20433
Lumbini,Rupandehi,Butwal Sub-Metropolitian City,51099,36989,195054,95705,99349
Lumbini,Rupandehi,Devdaha Municipality,17582,15624,71806,33747,38059
Lumbini,Rupandehi,Gaidahawa Rural Municipality,10020,8612,56529,28000,28529
Lumbini,Rupandehi,Kanchan Rural Municipality,10483,9828,42528,19295,23233
Lumbini,Rupandehi,Kotahimai Rural Municipality,7921,5939,46417,23527,22890
Lumbini,Rupandehi,Lumbini Sanskritik Municipality,13854,10736,88090,43706,44384
Lumbini,Rupandehi,Marchawari Rural Municipality,6972,5305,41058,20632,20426
Lumbini,Rupandehi,Mayadevi Rural Municipality,10040,8003,57341,28991,28350
Lumbini,Rupandehi,Omsatiya Rural Municipality,8218,6683,41080,20332,20748
Lumbini,Rupandehi,Rohini Rural Municipality,8096,6349,43277,21836,21441
Lumbini,Rupandehi,Sainamaina Municipality,19657,17572,78477,36547,41930
Lumbini,Rupandehi,Sammarimai Rural Municipality,7303,5164,43300,21691,21609
Lumbini,Rupandehi,Siddharthanagar Municipality,16011,12329,76307,38136,38171
Lumbini,Rupandehi,Siyari Rural Municipality,9060,7883,45274,22100,23174
Lumbini,Rupandehi,Sudhdhodhan Rural Municipality,8717,7619,41472,20352,21120
Lumbini,Rupandehi,Tillotama Municipality,36399,30452,149657,71700,77957
Lumbini,Kapilbastu,Banganga Municipality,23482,21157,97114,45820,51294
Lumbini,Kapilbastu,Bijayanagar Rural Municipality,7144,6361,43440,21562,21878
Lumbini,Kapilbastu,Buddhabhumi Municipality,15581,13717,77281,37580,39701
Lumbini,Kapilbastu,Kapilbastu Municipality,15555,12871,89969,44505,45464
Lumbini,Kapilbastu,Krishnanagar Municipality,10889,8734,70969,35449,35520
Lumbini,Kapilbastu,Maharajgunj Municipality,9945,8084,65668,33257,32411
Lumbini,Kapilbastu,Mayadevi Rural Municipality,8383,6623,57121,28014,29107
Lumbini,Kapilbastu,Shivaraj Municipality,16072,13960,84454,41098,43356
Lumbini,Kapilbastu,Suddhodhan Rural Municipality,8593,6770,53417,26258,27159
Lumbini,Kapilbastu,Yashodhara Rural Municipality,7045,5462,45169,22030,23139
Lumbini,Arghakhanchi,Bhumekasthan Municipality,7891,7403,28317,12687,15630
Lumbini,Arghakhanchi,Chhatradev Rural Municipality,6263,5930,21691,9676,12015
Lumbini,Arghakhanchi,Malarani Rural Municipality,6842,6501,23780,10747,13033
Lumbini,Arghakhanchi,Panini Rural Municipality,6214,5915,22330,10064,12266
Lumbini,Arghakhanchi,Sandhikharka Municipality,12322,10261,42528,19507,23021
Lumbini,Arghakhanchi,Sitganga Municipality,9541,9002,37888,17787,20101
Lumbini,Pyuthan,Ayirabati Rural Municipality,5145,4628,20404,9074,11330
Lumbini,Pyuthan,Gaumukhi Rural Municipality,5616,5380,26000,12006,13994
Lumbini,Pyuthan,Jhimruk Rural Municipality,6592,6130,26491,11935,14556
Lumbini,Pyuthan,Mallarani Rural Municipality,4152,3743,15846,6866,8980
Lumbini,Pyuthan,Mandavi Rural Municipality,3904,3469,15778,7005,8773
Lumbini,Pyuthan,Naubahini Rural Municipality,7163,6781,32524,14916,17608
Lumbini,Pyuthan,Pyuthan Municipality,11500,10175,42094,18945,23149
Lumbini,Pyuthan,Sarumarani Rural Municipality,4488,4125,19370,8545,10825
Lumbini,Pyuthan,Sworgadwary Municipality,8400,7739,32127,14041,18086
Lumbini,Rolpa,Pariwartan Rural Municipality,4765,4567,22001,10252,11749
Lumbini,Rolpa,Lungri Rural Municipality,5668,5486,26539,12348,14191
Lumbini,Rolpa,Madi Rural Municipality,4143,4023,18013,8431,9582
Lumbini,Rolpa,Rolpa Municipality,8836,7464,35644,16410,19234
Lumbini,Rolpa,Runtigadi Rural Municipality,6387,6055,29094,13734,15360
Lumbini,Rolpa,Sunil Smriti Rural Municipality,7066,6462,30523,13983,16540
Lumbini,Rolpa,Gangadev Rural Municipality,4474,4423,21738,10278,11460
Lumbini,Rolpa,Sunchhahari Rural Municipality,3607,3505,17281,8298,8983
Lumbini,Rolpa,Thawang Rural Municipality,2575,2345,11008,5159,5849
Lumbini,Rolpa,Tribeni Rural Municipality,5468,5257,23190,10941,12249
Lumbini,Rukum East,Bhume Rural Municipality,4194,3849,19835,9425,10410
Lumbini,Rukum East,Putha Uttarganga Rural Municipality,4573,3925,18954,9473,9481
Lumbini,Rukum East,Sisne Rural Municipality,4396,3833,18751,9122,9629
Lumbini,Dang,Babai Rural Municipality,7538,7171,31317,14527,16790
Lumbini,Dang,Banglachuli Rural Municipality,5173,4951,22877,10276,12601
Lumbini,Dang,Dangisharan Rural Municipality,5897,5579,23672,11436,12236
Lumbini,Dang,Gadhawa Rural Municipality,10084,9448,46275,22650,23625
Lumbini,Dang,Ghorahi Sub-Metropolitian City,51619,45240,201079,94384,106695
Lumbini,Dang,Lamahi Municipality,13862,12482,58884,28257,30627
Lumbini,Dang,Rajpur Rural Municipality,5896,5634,28410,14171,14239
Lumbini,Dang,Rapti Rural Municipality,11837,10940,52158,24720,27438
Lumbini,Dang,Shantinagar Rural Municipality,7137,6792,27666,12872,14794
Lumbini,Dang,Tulsipur Sub-Metropolitian City,46699,41012,180734,85701,95033
Lumbini,Banke,Baijanath Rural Municipality,16765,15439,70315,32739,37576
Lumbini,Banke,Duduwa Rural Municipality,8112,6152,43039,21798,21241
Lumbini,Banke,Janki Rural Municipality,9124,7263,46536,23386,23150
Lumbini,Banke,Khajura Rural Municipality,13885,12213,63749,30284,33465
Lumbini,Banke,Kohalpur Municipality,24346,21251,100289,48324,51965
Lumbini,Banke,Narainapur Rural Municipality,8680,6941,43698,21822,21876
Lumbini,Banke,Nepalgunj Sub-Metropolitian City,35517,26491,166258,83311,82947
Lumbini,Banke,Rapti Sonari Rural Municipality,15491,14380,67782,32015,35767
Lumbini,Bardiya,Badhaiyatal Rural Municipality,12736,11826,52056,24042,28014
Lumbini,Bardiya,Bansagadhi Municipality,15149,13965,63400,29486,33914
Lumbini,Bardiya,Barbardiya Municipality,16950,15852,72892,34353,38539
Lumbini,Bardiya,Geruwa Rural Municipality,7788,7613,33742,15525,18217
Lumbini,Bardiya,Gulariya Municipality,16141,14177,74868,37086,37782
Lumbini,Bardiya,Madhuwan Municipality,12474,11647,51173,23570,27603
Lumbini,Bardiya,Rajapur Municipality,13711,13191,61431,29166,32265
Lumbini,Bardiya,Thakurbaba Municipality,11480,10646,49360,22853,26507
Karnali,Rukum West,Aathbiskot Municipality,7603,7094,35929,17743,18186
Karnali,Rukum West,Banfikot Rural Municipality,4827,4398,20940,10085,10855
Karnali,Rukum West,Chaurjahari Municipality,6791,5957,29255,14170,15085
Karnali,Rukum West,Musikot Municipality,8793,7425,33871,16091,17780
Karnali,Rukum West,Sani Bheri Rural Municipality,5313,4897,24778,12152,12626
Karnali,Rukum West,Tribeni Rural Municipality,4375,4231,20466,9775,10691
Karnali,Salyan,Bagchaur Municipality,7539,7212,34053,16496,17557
Karnali,Salyan,Bangad Kupinde Municipality,7893,7423,33758,16237,17521
Karnali,Salyan,Chhatreshwori Rural Municipality,5135,4847,21368,10115,11253
Karnali,Salyan,Darma Rural Municipality,4270,4006,19998,9699,10299
Karnali,Salyan,Siddha Kumakh Rural Municipality,2892,2786,13135,6274,6861
Karnali,Salyan,Kalimati Rural Municipality,4994,4734,22498,11126,11372
Karnali,Salyan,Kapurkot Rural Municipality,3978,3864,17548,8410,9138
Karnali,Salyan,Kumakh Rural Municipality,5582,5149,24858,12088,12770
Karnali,Salyan,Sharada Municipality,8992,8122,34684,16516,18168
Karnali,Salyan,Tribeni Rural Municipality,4125,3841,16768,7992,8776
Karnali,Surkhet,Barahtal Rural Municipality,6240,6059,25562,12248,13314
Karnali,Surkhet,Bheriganga Municipality,11599,10524,48581,22833,25748
Karnali,Surkhet,Birendranagar Municipality,39391,31847,154886,75921,78965
Karnali,Surkhet,Chaukune Rural Municipality,5358,4897,27006,13289,13717
Karnali,Surkhet,Chingad Rural Municipality,3240,3066,15752,7405,8347
Karnali,Surkhet,Gurbhakot Municipality,11923,10960,49394,23162,26232
Karnali,Surkhet,Lekbeshi Municipality,7475,7134,31791,14978,16813
Karnali,Surkhet,Panchpuri Municipality,7979,7326,36062,17530,18532
Karnali,Surkhet,Simta Rural Municipality,6121,5475,24298,10740,13558
Karnali,Dailekh,Aathabis Municipality,6246,4951,31839,15565,16274
Karnali,Dailekh,Bhagawatimai Rural Municipality,3627,3344,18366,9083,9283
Karnali,Dailekh,Bhairabi Rural Municipality,4198,3755,17981,8377,9604
Karnali,Dailekh,Chamunda Bindrasaini Municipality,5192,4475,26575,13044,13531
Karnali,Dailekh,Dullu Municipality,9208,8353,39582,18506,21076
Karnali,Dailekh,Dungeshwor Rural Municipality,3436,3163,14597,6940,7657
Karnali,Dailekh,Gurans Rural Municipality,4562,4358,21284,10483,10801
Karnali,Dailekh,Mahabu Rural Municipality,4021,3652,18037,8316,9721
Karnali,Dailekh,Narayan Municipality,6668,5421,25803,12222,13581
Karnali,Dailekh,Naumule Rural Municipality,4517,4162,20589,10032,10557
Karnali,Dailekh,Thantikandh Rural Municipality,4033,3142,18666,9107,9559
Karnali,Jajarkot,Barekot Rural Municipality,3901,3485,22038,11010,11028
Karnali,Jajarkot,Bheri Municipality,8962,7745,38370,18636,19734
Karnali,Jajarkot,Chhedagad Municipality,7431,6888,38027,18852,19175
Karnali,Jajarkot,Junichande Rural Municipality,4356,3967,23823,11979,11844
Karnali,Jajarkot,Kuse Rural Municipality,4520,4199,23529,11636,11893
Karnali,Jajarkot,Shiwalaya Rural Municipality,2820,2598,14720,7270,7450
Karnali,Jajarkot,Nalagad Municipality,6064,5427,28858,14412,14446
Karnali,Dolpa,Chharka Tangsong Rural Municipality,320,306,1713,839,874
Karnali,Dolpa,Dolpo Buddha Rural Municipality,543,542,2462,1206,1256
Karnali,Dolpa,Jagadulla Rural Municipality,600,511,2581,1289,1292
Karnali,Dolpa,Kaike Rural Municipality,926,715,4124,1931,2193
Karnali,Dolpa,Mudkechula Rural Municipality,1206,1078,5875,2975,2900
Karnali,Dolpa,Shey Phoksundo Rural Municipality,818,805,3717,1775,1942
Karnali,Dolpa,Thuli Bheri Municipality,2380,1770,10187,5113,5074
Karnali,Dolpa,Tripurasundari Municipality,2636,2268,12300,6148,6152
Karnali,Jumla,Chandannath Municipality,5367,4166,20973,10475,10498
Karnali,Jumla,Guthichaur Rural Municipality,2451,2205,10891,5344,5547
Karnali,Jumla,Hima Rural Municipality,2104,2062,12804,6388,6416
Karnali,Jumla,Kanakasundari Rural Municipality,2786,2733,13687,6807,6880
Karnali,Jumla,Patrasi Rural Municipality,3374,3191,16881,8349,8532
Karnali,Jumla,Sinja Rural Municipality,2427,2271,12744,6561,6183
Karnali,Jumla,Tatopani Rural Municipality,3321,3190,15721,7728,7993
Karnali,Jumla,Tila Rural Municipality,2666,2582,14692,7261,7431
Karnali,Kalikot,Subha Kalika Rural Municipality,2769,2311,13900,6784,7116
Karnali,Kalikot,Khandachakra Municipality,4132,3266,23336,11948,11388
Karnali,Kalikot,Mahawai Rural Municipality,1666,1364,8334,4072,4262
Karnali,Kalikot,Naraharinath Rural Municipality,4422,3668,22414,11109,11305
Karnali,Kalikot,Pachaljharana Rural Municipality,2509,2196,13683,6837,6846
Karnali,Kalikot,Palata Rural Municipality,2895,2683,17658,9018,8640
Karnali,Kalikot,Raskot Municipality,3076,2836,16469,8059,8410
Karnali,Kalikot,Sanni Tribeni Rural Municipality,2352,2088,12864,6363,6501
Karnali,Kalikot,Tilagufa Municipality,3135,2517,16259,8053,8206
Karnali,Mugu,Chhayanath Rara Municipality,4917,4529,25692,13022,12670
Karnali,Mugu,Khatyad Rural Municipality,3567,3429,19301,9840,9461
Karnali,Mugu,Mugum Karmarong Rural Municipality,1399,1364,7301,3506,3795
Karnali,Mugu,Soru Rural Municipality,2652,2469,14364,7080,7284
Karnali,Humla,Adanchuli Rural Municipality,1481,1344,8110,4012,4098
Karnali,Humla,Chankheli Rural Municipality,1196,1175,6625,3367,3258
Karnali,Humla,Kharpunath Rural Municipality,1545,1330,6975,3465,3510
Karnali,Humla,Namkha Rural Municipality,868,850,4506,2304,2202
Karnali,Humla,Sarkegad Rural Municipality,2211,2016,11040,5669,5371
Karnali,Humla,Simkot Rural Municipality,3007,2512,12130,6101,6029
Karnali,Humla,Tanjakot Rural Municipality,1176,1086,6110,3064,3046
Sudurpaschim,Bajura,Badimalika Municipality,4082,3143,18432,9253,9179
Sudurpaschim,Bajura,Budhiganga Municipality,4680,3875,20072,9259,10813
Sudurpaschim,Bajura,Budhinanda Municipality,4317,3195,20745,10214,10531
Sudurpaschim,Bajura,Khaptad Chhededaha Rural Municipality,3627,2878,19274,9326,9948
Sudurpaschim,Bajura,Gaumul Rural Municipality,1731,1588,8765,4373,4392
Sudurpaschim,Bajura,Himali Rural Municipality,2092,1716,10503,5284,5219
Sudurpaschim,Bajura,Jagannath Rural Municipality,1965,1687,10205,4938,5267
Sudurpaschim,Bajura,Swami Kartik Khaapar Rural Municipality,2392,2242,13013,6593,6420
Sudurpaschim,Bajura,Tribeni Municipality,4036,3567,17989,8368,9621
Sudurpaschim,Bajhang,Bithadchir Rural Municipality,3273,2728,16854,8301,8553
Sudurpaschim,Bajhang,Bungal Municipality,6242,5357,33487,15885,17602
Sudurpaschim,Bajhang,Chabispathivera Rural Municipality,3125,2792,14515,6770,7745
Sudurpaschim,Bajhang,Durgathali Rural Municipality,2606,2282,11414,5149,6265
Sudurpaschim,Bajhang,JayaPrithivi Municipality,5034,4088,21973,10560,11413
Sudurpaschim,Bajhang,SaiPaal Rural Municipality,456,454,2681,1330,1351
Sudurpaschim,Bajhang,Kedarseu Rural Municipality,4389,3768,21697,10000,11697
Sudurpaschim,Bajhang,Khaptadchhanna Rural Municipality,3100,2453,13751,6238,7513
Sudurpaschim,Bajhang,Masta Rural Municipality,2608,2519,13584,6518,7066
Sudurpaschim,Bajhang,Surma Rural Municipality,1835,1593,11248,5609,5639
Sudurpaschim,Bajhang,Talkot Rural Municipality,2238,2063,11858,5454,6404
Sudurpaschim,Bajhang,Thalara Rural Municipality,3462,2819,15961,7104,8857
Sudurpaschim,Achham,Bannigadhi Jayagadh Rural Municipality,3144,2309,13639,5887,7752
Sudurpaschim,Achham,Chaurpati Rural Municipality,4822,3960,22407,9985,12422
Sudurpaschim,Achham,Dhakari Rural Municipality,4373,3501,22553,10813,11740
Sudurpaschim,Achham,Kamalbazar Municipality,4590,3730,20947,9480,11467
Sudurpaschim,Achham,Mangalsen Municipality,6231,4587,26843,12101,14742
Sudurpaschim,Achham,Mellekh Rural Municipality,4752,3628,23096,10670,12426
Sudurpaschim,Achham,Panchadewal Binayak Municipality,5432,4466,26316,12062,14254
Sudurpaschim,Achham,Ramaroshan Rural Municipality,4959,3876,22676,10759,11917
Sudurpaschim,Achham,Sanphebagar Municipality,6382,4883,25990,11965,14025
Sudurpaschim,Achham,Turmakhad Rural Municipality,5277,4428,24440,11668,12772
Sudurpaschim,Doti,Adharsha Rural Municipality,5449,4204,24911,11141,13770
Sudurpaschim,Doti,Badikedar Rural Municipality,2984,2762,15078,7555,7523
Sudurpaschim,Doti,Bogtan Foodsil Rural Municipality,3198,2774,15912,7488,8424
Sudurpaschim,Doti,Dipayal Silgadi Municipality,8601,6111,36906,17884,19022
Sudurpaschim,Doti,Jorayal Rural Municipality,4432,4092,20364,10251,10113
Sudurpaschim,Doti,K I Singh Rural Municipality,4731,3975,20830,9130,11700
Sudurpaschim,Doti,Purbichauki Rural Municipality,5305,4095,21263,9089,12174
Sudurpaschim,Doti,Sayal Rural Municipality,4311,3139,20125,9221,10904
Sudurpaschim,Doti,Shikhar Municipality,7089,5654,30294,13307,16987
Sudurpaschim,Kailali,Bardagoriya Rural Municipality,8639,8162,37714,17882,19832
Sudurpaschim,Kailali,Bhajani Municipality,11143,10701,53795,25802,27993
Sudurpaschim,Kailali,Chure Rural Municipality,4272,4015,21437,10809,10628
Sudurpaschim,Kailali,Dhangadhi Sub-Metropolitian City,46670,39249,204788,102334,102454
Sudurpaschim,Kailali,Gauriganga Municipality,13693,12984,64327,29730,34597
Sudurpaschim,Kailali,Ghodaghodi Municipality,18636,17796,85982,40223,45759
Sudurpaschim,Kailali,Godawari Municipality,21508,19356,99973,47873,52100
Sudurpaschim,Kailali,Janaki Rural Municipality,11180,10657,49835,23202,26633
Sudurpaschim,Kailali,Joshipur Rural Municipality,7775,7630,37167,17788,19379
Sudurpaschim,Kailali,Kailari Rural Municipality,10793,10458,50457,24485,25972
Sudurpaschim,Kailali,Lamkichuha Municipality,20801,19367,90941,42795,48146
Sudurpaschim,Kailali,Mohanyal Rural Municipality,4450,4226,21285,10375,10910
Sudurpaschim,Kailali,Tikapur Municipality,20953,19091,90115,43354,46761
Sudurpaschim,Kanchanpur,Bedkot Municipality,12780,11904,58250,27055,31195
Sudurpaschim,Kanchanpur,Beldandi Rural Municipality,4727,4471,22041,9939,12102
Sudurpaschim,Kanchanpur,Belauri Municipality,11154,10296,53918,25526,28392
Sudurpaschim,Kanchanpur,Bhimdatta Municipality,27691,24715,123316,59400,63916
Sudurpaschim,Kanchanpur,Krishnapur Municipality,15272,14217,72501,34347,38154
Sudurpaschim,Kanchanpur,Laljhadi Rural Municipality,4822,4666,25271,12282,12989
Sudurpaschim,Kanchanpur,Dodhara Chandani Municipality,9657,8891,43486,19254,24232
Sudurpaschim,Kanchanpur,Punarbas Municipality,13676,12895,61628,28286,33342
Sudurpaschim,Kanchanpur,Shuklaphanta Municipality,12120,11316,54379,24948,29431
Sudurpaschim,Dadeldhura,Alital Rural Municipality,3743,3421,18125,8773,9352
Sudurpaschim,Dadeldhura,Ajaymeru Rural Municipality,3479,2987,15243,7167,8076
Sudurpaschim,Dadeldhura,Amargadhi Municipality,6385,4752,24792,12515,12277
Sudurpaschim,Dadeldhura,Bhageshwar Rural Municipality,2812,2362,13112,6290,6822
Sudurpaschim,Dadeldhura,Ganayapdhura Rural Municipality,3360,2788,13655,6158,7497
Sudurpaschim,Dadeldhura,Nawadurga Rural Municipality,4335,3634,18745,8194,10551
Sudurpaschim,Dadeldhura,Parashuram Municipality,7494,6559,35748,16833,18915
Sudurpaschim,Baitadi,Dasharathchanda Municipality,7339,6095,31786,15053,16733
Sudurpaschim,Baitadi,Dilasaini Rural Municipality,4925,3930,23233,11347,11886
Sudurpaschim,Baitadi,Dogadakedar Rural Municipality,4774,3998,23619,10854,12765
Sudurpaschim,Baitadi,Melauli Municipality,4626,3890,21000,9735,11265
Sudurpaschim,Baitadi,Pancheshwar Rural Municipality,3617,2986,17780,8130,9650
Sudurpaschim,Baitadi,Patan Municipality,6276,5195,28360,13415,14945
Sudurpaschim,Baitadi,Purchaudi Municipality,7236,6417,38666,18701,19965
Sudurpaschim,Baitadi,Shivanath Rural Municipality,3435,2919,18247,8489,9758
Sudurpaschim,Baitadi,Sigas Rural Municipality,4367,3652,23479,11153,12326
Sudurpaschim,Baitadi,Surnaya Rural Municipality,3877,3206,18230,8549,9681
Sudurpaschim,Darchula,Apihimal Rural Municipality,1363,1256,7023,3438,3585
Sudurpaschim,Darchula,Byas Rural Municipality,2361,2168,10205,4884,5321
Sudurpaschim,Darchula,Dunhu Rural Municipality,2293,1906,9912,4580,5332
Sudurpaschim,Darchula,Lekam Rural Municipality,3045,2645,13638,6520,7118
Sudurpaschim,Darchula,Mahakali Municipality,6080,4596,24572,12072,12500
Sudurpaschim,Darchula,Malikaarjun Rural Municipality,3241,2993,15754,7631,8123
Sudurpaschim,Darchula,Marma Rural Municipality,3086,2704,15586,7551,8035
Sudurpaschim,Darchula,Naugad Rural Municipality,3156,2920,16434,7988,8446
Sudurpaschim,Darchula,Shailyashikhar Municipality,4561,4012,21932,10685,11247
